candle_begin_time,close,每次投入资金,累计投入资金,每次买币数量,累计买币数量,平均持有成本,币市值
2017-07-01,1.135,100,100,87.92951541850219,87.92951541850219,1.1372745490981966,99.79999999999998
2017-07-02,2.9103,100,200,34.291997388585365,122.22151280708755,1.6363731343734613,355.70126872246686
2017-07-03,4.017,100,300,24.84441125217824,147.0659240592658,2.0399015062055,590.7638169460707
2017-07-04,3.12,100,400,31.987179487179485,179.05310354644527,2.2339741231921315,558.6456830649092
2017-07-05,2.8322,100,500,35.23762446154933,214.2907280079946,2.3332787407458264,606.9141998642423
2017-07-06,3.2499,100,600,30.70863718883658,244.99936519683118,2.4489859372409524,796.2234369531816
2017-07-07,2.6598,100,700,37.521618166779454,282.52098336361064,2.477692069686324,751.4493115505317
2017-07-08,2.3957,100,800,41.657970530533866,324.1789538941445,2.467772785340122,776.635519844202
2017-07-09,2.2061,100,900,45.23820316395449,369.417157058099,2.4362701699273135,814.9711901858723
2017-07-10,1.6016,100,1000,62.312687312687316,431.72984437078634,2.3162633138263224,691.4585187442514
2017-07-11,1.5,100,1100,66.53333333333333,498.2631777041197,2.207668656288315,747.3947665561795
2017-07-12,1.985,100,1200,50.277078085642316,548.540255789762,2.187624312589962,1088.8524077426775
2017-07-13,1.6442,100,1300,60.69821189636297,609.238467686125,2.133811420243001,1001.7098885695267
2017-07-14,1.5189,100,1400,65.70544472973863,674.9439124158636,2.0742464288460707,1025.172308568455
2017-07-15,1.3,100,1500,76.76923076923076,751.7131431850943,1.9954420294480006,977.2270861406226
2017-07-16,1.244,100,1600,80.2250803858521,831.9382235709463,1.92321972313315,1034.9311501222571
2017-07-17,1.5551,100,1700,64.17593723876278,896.1141608097091,1.8970797185750499,1393.5471314751785
2017-07-18,1.653,100,1800,60.375075620084694,956.4892364297938,1.8818821283537985,1581.0767078184492
2017-07-19,1.4936,100,1900,66.81842528119978,1023.3076617109936,1.8567241027230823,1528.41232353154
2017-07-20,1.7164,100,2000,58.144954556047544,1081.452616267041,1.8493644288397963,1856.2052705607493
2017-07-21,1.7988,100,2100,55.48143206582166,1136.9340483328629,1.8470728386394302,2045.1169661411536
2017-07-22,2.0302,100,2200,49.157718451384106,1186.091766784247,1.8548311872737122,2408.003504925378
2017-07-23,1.9294,100,2300,51.72592515808024,1237.8176919423272,1.858108843468657,2388.2454548335263
2017-07-24,1.8789,100,2400,53.116185001862796,1290.93387694419,1.859119233652087,2425.5356613904387
2017-07-25,1.6511,100,2500,60.44455211677064,1351.3784290609606,1.8499629313583081,2231.260924222552
2017-07-26,1.6951,100,2600,58.87558256150079,1410.2540116224613,1.843639499389735,2390.5215751012342
2017-07-27,1.9156,100,2700,52.098559198162455,1462.352570820624,1.8463399688112487,2801.282584663987
2017-07-28,1.8107,100,2800,55.11680565527144,1517.4693764758954,1.845177269081105,2747.6817999849036
2017-07-29,1.8336,100,2900,54.42844677137872,1571.8978232472741,1.8449036299376584,2882.2318487062016
2017-07-30,1.7751,100,3000,56.22218466565264,1628.1200079129267,1.8426160144335273,2890.0758260462358
2017-07-31,1.7013,100,3100,58.6610239228825,1686.7810318358092,1.837820049841391,2869.720569462262
2017-08-01,1.778,100,3200,56.130483689538806,1742.911515525348,1.8360082950254974,3098.8966746040687
2017-08-02,1.7388,100,3300,57.39590522199218,1800.3074207473403,1.833020273076534,3130.3745431954753
2017-08-03,1.7799,100,3400,56.07056576212147,1856.3779865094618,1.8315235500034144,3304.167178188191
2017-08-04,1.7622,100,3500,56.63375326296675,1913.0117397724287,1.8295758082573812,3371.1092878269737
2017-08-05,1.853,100,3600,53.85860766324878,1966.8703474356773,1.8303189148657044,3644.6107537983103
2017-08-06,1.7538,100,3700,56.90500627209488,2023.7753537077722,1.8282661626554575,3549.297215332691
2017-08-07,1.7843,100,3800,55.932298380317214,2079.7076520880896,1.8271798904931107,3710.822363620778
2017-08-08,1.8722,100,3900,53.306270697575044,2133.013922785665,1.8283987546160476,3993.428666239322
2017-08-09,1.8124,100,4000,55.06510704038843,2188.079029826053,1.828087534990905,3965.6744336567385
2017-08-10,1.8362,100,4100,54.351377845550594,2242.430407671604,1.8283733515089002,4117.550714566599
2017-08-11,1.757,100,4200,56.80136596471258,2299.2317736363166,1.8266970942896945,4039.750226279008
2017-08-12,1.6454,100,4300,60.65394432964629,2359.885717965963,1.8221221338236089,3882.9559603411954
2017-08-13,1.5967,100,4400,62.50391432329179,2422.3896322892547,1.816388223162029,3867.829525876253
2017-08-14,1.6,100,4500,62.375,2484.7646322892547,1.8110367241721708,3975.6234116628075
2017-08-15,1.6183,100,4600,61.66965333992461,2546.434285629179,1.8064475592243374,4120.894604433701
2017-08-16,1.6019,100,4700,62.30101754166927,2608.7353031708485,1.801639282562426,4178.933082149382
2017-08-17,1.5059,100,4800,66.27266086725547,2675.007964038104,1.7943871810961183,4028.294493044981
2017-08-18,1.3979,100,4900,71.39280349095073,2746.400767529055,1.7841533027273893,3839.1936329288656
2017-08-19,1.39,100,5000,71.79856115107914,2818.199328680134,1.774182524676735,3917.297066865386
2017-08-20,1.3593,100,5100,73.42014272051792,2891.619471400652,1.7637175466693222,3930.578347474906
2017-08-21,1.329,100,5200,75.09405568096312,2966.713527081615,1.752781302451973,3942.7622774914666
2017-08-22,1.27,100,5300,78.58267716535433,3045.2962042469694,1.740388994873018,3867.526179393651
2017-08-23,1.416,100,5400,70.48022598870057,3115.77643023567,1.733115363348312,4411.939425213708
2017-08-24,1.371,100,5500,72.79358132749817,3188.570011563168,1.7249111608196033,4371.529485853103
2017-08-25,1.3676,100,5600,72.97455396314713,3261.544565526315,1.716977918741493,4460.488347813788
2017-08-26,1.365,100,5700,73.11355311355311,3334.6581186398685,1.7093206551335767,4551.808331943421
2017-08-27,1.3435,100,5800,74.28358764421289,3408.941706284081,1.7014077974135537,4579.913182392663
2017-08-28,1.3241,100,5900,75.37195075900611,3484.3136570430875,1.693303353466447,4613.579713290752
2017-08-29,1.31,100,6000,76.18320610687022,3560.496863149958,1.6851580637798464,4664.250890726445
2017-08-30,1.251,100,6100,79.7761790567546,3640.2730422067125,1.6756984790081062,4553.981575800597
2017-08-31,1.3441,100,6200,74.25042779555092,3714.5234700022634,1.669123926681293,4992.690996030043
2017-09-01,1.3203,100,6300,75.58888131485269,3790.112351317116,1.662219854197901,5004.0853374439885
2017-09-02,1.235,100,6400,80.80971659919028,3870.9220679163063,1.6533528414445917,4780.588753876638
2017-09-03,1.3006,100,6500,76.73381516223282,3947.6558830785393,1.6465467590176683,5134.3212415319485
2017-09-04,0.91,100,6600,109.67032967032966,4057.326212748869,1.6266870480518871,3692.166853601471
2017-09-05,0.923,100,6700,108.12567713976165,4165.451889888631,1.6084689433729442,3844.7120943672066
2017-09-06,0.915,100,6800,109.07103825136612,4274.522928139997,1.5908208037052058,3911.1884792480973
2017-09-07,0.98516,100,6900,101.30334158918349,4375.82626972918,1.5768450515808619,4310.8890078864
2017-09-08,0.841,100,7000,118.66825208085612,4494.4945218100365,1.55746101503333,3779.8698928422405
2017-09-09,0.81,100,7100,123.20987654320987,4617.704398353247,1.5375605252107483,3740.34056266613
2017-09-10,0.7367,100,7200,135.4689833039229,4753.17338165717,1.514777480616488,3501.662830266837
2017-09-11,0.7324,100,7300,136.2643364281813,4889.437718085351,1.4930142116338478,3581.024184725711
2017-09-12,0.8599,100,7400,116.06000697755553,5005.497725062906,1.4783744607349714,4304.227493781593
2017-09-13,0.725,100,7500,137.6551724137931,5143.1528974767,1.4582494725520607,3728.785850670607
2017-09-14,0.575,100,7600,173.56521739130434,5316.718114868004,1.4294532521381722,3057.112916049102
2017-09-15,0.6505,100,7700,153.42044581091469,5470.138560678918,1.4076425879501535,3558.325133721636
2017-09-16,0.61912,100,7800,161.19653702028685,5631.335097699205,1.3851067046581629,3486.4721856875317
2017-09-17,0.62524,100,7900,159.61870641673596,5790.953804115941,1.3641966880110572,3620.7359564854514
2017-09-18,0.70372,100,8000,141.81776843062582,5932.771572546567,1.348442275616909,4175.01001103247
2017-09-19,0.64635,100,8100,154.4055078517831,6087.17708039835,1.3306660695124592,3934.4469059154735
2017-09-20,0.60445,100,8200,165.1087765737447,6252.285856972095,1.3115203283381478,3779.194186246783
2017-09-21,0.5423,100,8300,184.03097916282502,6436.31683613492,1.2895573992569704,3490.414620235967
2017-09-22,0.56642,100,8400,176.19434342007696,6612.5111795549965,1.2703192133680894,3745.458582323541
2017-09-23,0.5739,100,8500,173.8978916187489,6786.409071173745,1.25250333583706,3894.7201659466123
2017-09-24,0.54304,100,8600,183.78020035356514,6970.189271527311,1.2338258926669812,3785.0915820101905
2017-09-25,0.5654,100,8700,176.51220374955784,7146.701475276868,1.2173448170595311,4040.7450141215413
2017-09-26,0.554,100,8800,180.14440433212994,7326.845879608998,1.201062523300902,4059.0726173033854
2017-09-27,0.63226,100,8900,157.84645557207477,7484.692335181073,1.1890936329027728,4732.271575841585
2017-09-28,0.80666,100,9000,123.72003074405572,7608.412365925128,1.1829011845240154,6137.401919097164
2017-09-29,0.715,100,9100,139.5804195804196,7747.9927855055475,1.17449773792042,5539.814841636467
2017-09-30,0.72331,100,9200,137.9768010949662,7885.969586600514,1.1666288969250183,5704.000661684018
2017-10-01,0.70733,100,9300,141.09397311014658,8027.06355971066,1.1585805856426061,5677.782867690142
2017-10-02,0.65335,100,9400,152.75120532639474,8179.814765037055,1.1491702770799135,5344.281976736959
2017-10-03,0.6325,100,9500,157.78656126482215,8337.601326301878,1.139416437438812,5273.532838885937
2017-10-04,0.60199,100,9600,165.7834847754946,8503.384811077372,1.1289621972057604,5118.952622420467
2017-10-05,0.60563,100,9700,164.78708122120767,8668.17189229858,1.1190364151197982,5249.704943132789
2017-10-06,0.59901,100,9800,166.60823692425836,8834.780129222838,1.1092522798144688,5292.121645205772
2017-10-07,0.58789,100,9900,169.75964891391246,9004.53977813675,1.0994454179698834,5293.678890168814
2017-10-08,0.60439,100,10000,165.12516752428067,9169.66494566103,1.090552387601891,5542.05379650807
2017-10-09,0.555,100,10100,179.8198198198198,9349.484765480851,1.080273432530755,5188.964044841873
2017-10-10,0.55301,100,10200,180.46689933274263,9529.951664813594,1.0703097307051779,5270.158570158565
2017-10-11,0.6138,100,10300,162.593678722711,9692.545343536305,1.0626723564279006,5949.284331862585
2017-10-12,0.59,100,10400,169.15254237288138,9861.697885909187,1.0545851353710562,5818.40175268642
2017-10-13,0.58169,100,10500,171.56904880606507,10033.266934715251,1.0465185535600419,5836.251043254515
2017-10-14,0.5808,100,10600,171.831955922865,10205.098890638117,1.038696451018633,5927.1214356826185
2017-10-15,0.57163,100,10700,174.58845756870704,10379.687348206824,1.030859566482849,5933.340678855467
2017-10-16,0.5586,100,10800,178.6609380594343,10558.348286266259,1.0228872648620684,5897.893352708332
2017-10-17,0.55161,100,10900,180.92492884465472,10739.273215110914,1.01496626276934,5923.890498187332
2017-10-18,0.54053,100,11000,184.63360035520694,10923.906815466122,1.0069657482271952,5904.699350963902
2017-10-19,0.5669,100,11100,176.04515787616864,11099.951973342291,1.0000043267446403,6292.562773687744
2017-10-20,0.53531,100,11200,186.43402888046182,11286.386002222753,0.9923459996667011,6041.715290849861
2017-10-21,0.52399,100,11300,190.46165003148917,11476.847652254242,0.9845909209904423,6013.7534013047
2017-10-22,0.5177,100,11400,192.77573884489087,11669.623391099134,0.976895279130877,6041.364029572022
2017-10-23,0.49408,100,11500,201.9915803108808,11871.614971410016,0.9686971846454789,5865.527525074261
2017-10-24,0.51227,100,11600,194.81913834501339,12066.43410975503,0.9613444945281768,6181.272201404209
2017-10-25,0.5054,100,11700,197.46735259200634,12263.901462347036,0.9540194069498731,6198.175799070192
2017-10-26,0.51351,100,11800,194.3486981753033,12458.250160522339,0.9471635139733989,6397.436039929827
2017-10-27,0.5215,100,11900,191.37104506232026,12649.621205584659,0.9407396321675063,6596.7774587123995
2017-10-28,0.53539,100,12000,186.40617120230112,12836.02737678696,0.9348686823230951,6872.280697257971
2017-10-29,0.6651,100,12100,150.0526236656142,12986.080000452574,0.9317669381043631,8637.041808301006
2017-10-30,0.713,100,12200,139.97194950911643,13126.05194996169,0.9294493154916705,9358.875040322684
2017-10-31,0.78237,100,12300,127.56112836637396,13253.613078328064,0.9280488216539695,10369.229264091528
2017-11-01,1.0416,100,12400,95.81413210445467,13349.42721043252,0.9288788053999392,13904.763382386513
2017-11-02,1.116,100,12500,89.42652329749103,13438.85373373001,0.9301388531840634,14997.760766842692
2017-11-03,1.195,100,12600,83.51464435146443,13522.368378081474,0.931789435674852,16159.230211807362
2017-11-04,1.1115,100,12700,89.78857399910032,13612.156952080573,0.9329895360969113,15129.912452237557
2017-11-05,1.0896,100,12800,91.59324522760647,13703.75019730818,0.9340508850281215,14931.606214986992
2017-11-06,0.91532,100,12900,109.03290652449417,13812.783103832675,0.9339175098189009,12643.116630600125
2017-11-07,0.9528,100,13000,104.7439126784215,13917.527016511096,0.9340739906290403,13260.619741331771
2017-11-08,1.1347,100,13100,87.9527628448048,14005.479779355901,0.9353481784543661,15892.01790563514
2017-11-09,1.1732,100,13200,85.06648482782134,14090.546264183722,0.9367983151620337,16531.028877140343
2017-11-10,1.0281,100,13300,97.07226923451026,14187.618533418232,0.937437101841476,14586.290614207284
2017-11-11,1.16,100,13400,86.0344827586207,14273.653016176853,0.9387926121514436,16557.43749876515
2017-11-12,1.0872,100,13500,91.79543782192789,14365.44845399878,0.9397548599495428,15618.115559187474
2017-11-13,1.1825,100,13600,84.39746300211415,14449.845917000895,0.9411865066325024,17086.94279685356
2017-11-14,1.6624,100,13700,60.033686236766115,14509.879603237661,0.9441842644196063,24121.22385242229
2017-11-15,1.6651,100,13800,59.93634015975016,14569.81594339741,0.9471636466522236,24260.20052735103
2017-11-16,1.6717,100,13900,59.69970688520668,14629.515650282618,0.9501339847660285,24456.161312577453
2017-11-17,1.7364,100,14000,57.47523612070952,14686.990886403328,0.9532245310345144,25502.490975150737
2017-11-18,1.9109,100,14100,52.22669946098697,14739.217585864315,0.9566315116701066,28165.17088482812
2017-11-19,1.8791,100,14200,53.110531637486034,14792.328117501802,0.9599570728287876,27796.263765597636
2017-11-20,1.9921,100,14300,50.09788665227649,14842.426004154078,0.9634543568549868,29567.59684287534
2017-11-21,1.91,100,14400,52.25130890052356,14894.677313054603,0.9667883162113866,28448.83366793429
2017-11-22,1.8852,100,14500,52.93868024612773,14947.615993300731,0.9700543555907949,28179.245670570537
2017-11-23,1.87,100,14600,53.36898395721924,15000.984977257951,0.9732694234501361,28051.84190747237
2017-11-24,1.8754,100,14700,53.21531406633252,15054.200291324283,0.9764716634248312,28232.64722634956
2017-11-25,2.0528,100,14800,48.616523772408414,15102.816815096692,0.9799496465590447,31003.06235803049
2017-11-26,2.4577,100,14900,40.607071652357895,15143.42388674905,0.983925439281796,37217.99288646314
2017-11-27,2.8585,100,15000,34.91341612733951,15178.337302876389,0.9882505376367811,43387.277180272155
2017-11-28,2.7997,100,15100,35.64667642961746,15213.983979306007,0.9925079466718877,42594.59094686303
2017-11-29,2.7404,100,15200,36.41804116187417,15250.402020467882,0.9966950366029541,41792.20169689019
2017-11-30,2.825,100,15300,35.32743362831858,15285.729454096201,1.0009335861887818,43182.18570782177
2017-12-01,3.2223,100,15400,30.971666201160662,15316.701120297363,1.0054384347548737,49355.0060199342
2017-12-02,3.9101,100,15500,25.523643896575535,15342.224764193938,1.010283726006562,59989.63305047472
2017-12-03,3.5799,100,15600,27.87787368362245,15370.10263787756,1.014957438316377,55023.430433337875
2017-12-04,4.0373,100,15700,24.71949074876774,15394.822128626329,1.0198234100286354,62153.51537990308
2017-12-05,4.25,100,15800,23.482352941176472,15418.304481567506,1.0247559982285217,65527.7940466619
2017-12-06,4.446,100,15900,22.44714349977508,15440.751625067282,1.029742617852045,68649.58172504912
2017-12-07,3.861,100,16000,25.848225848225848,15466.599850915507,1.0344872275888692,59716.54202438478
2017-12-08,4.2197,100,16100,23.650970448136125,15490.250821363643,1.0393634154584128,65364.21139090816
2017-12-09,4.01,100,16200,24.88778054862843,15515.138601912271,1.0441414940375278,62215.7057936682
2017-12-10,3.6969,100,16300,26.99559090048419,15542.134192812755,1.048762016707957,57457.71589740947
2017-12-11,4.3487,100,16400,22.94938717317819,15565.083579985932,1.0536403428689345,67687.87896428483
2017-12-12,5.0991,100,16500,19.57208134768881,15584.655661333622,1.0587336902757112,79467.71768270626
2017-12-13,7.2787,100,16600,13.711239644442003,15598.366900978064,1.0642139722305886,113535.83316214904
2017-12-14,8.2,100,16700,12.170731707317072,15610.537632685382,1.0697901887141605,128006.40858802012
2017-12-15,7.9322,100,16800,12.581629308388594,15623.11926199377,1.075329434427939,123925.70660998698
2017-12-16,8.35,100,16900,11.952095808383234,15635.071357802153,1.0809032855207679,130552.84583764797
2017-12-17,7.9713,100,17000,12.519915195764806,15647.591272997917,1.0864291956127363,124731.6443144483
2017-12-18,8.8832,100,17100,11.234690201729107,15658.825963199646,1.092035893379702,139100.4827962951
2017-12-19,11.502,100,17200,8.676751869240132,15667.502715068886,1.0978137558232028,180207.61622872233
2017-12-20,10.45,100,17300,9.55023923444976,15677.052954303335,1.1035237330911207,163825.20337246984
2017-12-21,10.65,100,17400,9.370892018779344,15686.423846322115,1.1092394398153187,167060.41396333053
2017-12-22,7.6721,100,17500,13.008172469076262,15699.43201879119,1.1146900078329998,120447.6123913679
2017-12-23,8.2556,100,17600,12.088763990503416,15711.520782781694,1.1201970988886,129708.03097433255
2017-12-24,7.9985,100,17700,12.477339501156468,15723.99812228285,1.1256679034397055,125768.39898107937
2017-12-25,8.1538,100,17800,12.239691922784468,15736.237814205635,1.1311471147145054,128310.13588946991
2017-12-26,8.599,100,17900,11.606000697755553,15747.84381490339,1.1366635464761126,135415.70896435424
2017-12-27,8.7071,100,18000,11.46191039496503,15759.305725298354,1.142182296210211,137217.8508807453
2017-12-28,8.1,100,18100,12.320987654320987,15771.626712952675,1.1476305094854367,127750.17637491666
2017-12-29,8.12,100,18200,12.29064039408867,15783.917353346764,1.1530724339570202,128165.4089091757
2017-12-30,7.08,100,18300,14.096045197740112,15798.013398544505,1.1583734953463205,111849.93486169509
2017-12-31,7.6883,100,18400,12.980762977511285,15810.994161522016,1.1637471883190398,121559.6664120297
2018-01-01,7.631,100,18500,13.078233521163673,15824.07239504318,1.1691048636629748,120753.49644657451
2018-01-02,8.295,100,18600,12.031344183242918,15836.103739226422,1.174531330830281,131360.48051688317
2018-01-03,9.43,100,18700,10.583244962884413,15846.686984189308,1.18005738478065,149434.25826090516
2018-01-04,9.4706,100,18800,10.537875108229679,15857.224859297537,1.1855794545901914,150177.43375246326
2018-01-05,9.2892,100,18900,10.743659303276925,15867.968518600814,1.1910787431828445,147400.73316298667
2018-01-06,9.8285,100,19000,10.15414356208984,15878.122662162903,1.196615015783726,156058.1285850681
2018-01-07,10.165,100,19100,9.818002951303493,15887.940665114207,1.2021696456821898,161500.9168608859
2018-01-08,9.5985,100,19200,10.397457936135856,15898.338123050344,1.2076733965144892,152600.19847409872
2018-01-09,9.2294,100,19300,10.813270635144212,15909.151393685488,1.2131382449261483,146831.92187288083
2018-01-10,11.2,100,19400,8.910714285714286,15918.062107971202,1.2187413184099318,178282.29560927744
2018-01-11,11.272,100,19500,8.853797019162528,15926.915904990365,1.224342497714205,179528.1960810514
2018-01-12,13.802,100,19600,7.230836110708593,15934.146741101073,1.2300627274533065,219923.093320677
2018-01-13,16.0,100,19700,6.2375,15940.384241101072,1.2358547762735257,255046.14785761715
2018-01-14,13.23,100,19800,7.543461829176114,15947.927702930248,1.2415406169895025,210991.0835097672
2018-01-15,12.78,100,19900,7.809076682316119,15955.736779612565,1.2472003189114536,203914.31604344858
2018-01-16,10.0,100,20000,9.98,15965.716779612565,1.2526841278769905,159657.16779612564
2018-01-17,10.15,100,20100,9.832512315270936,15975.549291927837,1.258172700838285,162151.82531306756
2018-01-18,10.182,100,20200,9.801610685523473,15985.35090261336,1.2636569646211275,162762.84289040923
2018-01-19,11.065,100,20300,9.019430637144149,15994.370333250505,1.269196572108786,176977.70773741681
2018-01-20,15.509,100,20400,6.4349732413437355,16000.805306491848,1.2749358303686946,248156.48949838209
2018-01-21,13.477,100,20500,7.4052088743785704,16008.210515366227,1.2805928545431184,215742.65311559066
2018-01-22,13.384,100,20600,7.456664674237896,16015.667180040466,1.286240514892365,214353.6895376616
2018-01-23,12.876,100,20700,7.750854302578441,16023.418034343043,1.2918591998057858,206317.530610201
2018-01-24,13.899,100,20800,7.18037268868264,16030.598407031726,1.297518624811673,222809.28725933394
2018-01-25,14.251,100,20900,7.003017332117044,16037.601424363844,1.3031873936116998,228551.85789860913
2018-01-26,14.241,100,21000,7.007934836036796,16044.60935919988,1.308850812747194,228491.28188436548
2018-01-27,14.38,100,21100,6.9401947148817795,16051.549553914761,1.3145148341677697,230821.28258529428
2018-01-28,14.752,100,21200,6.765184381778742,16058.31473829654,1.3201883476253802,236892.25901935057
2018-01-29,13.537,100,21300,7.372386791755928,16065.687125088296,1.3258069719743117,217481.20661232027
2018-01-30,11.364,100,21400,8.782118972192889,16074.469244060489,1.331303676350452,182670.26848950342
2018-01-31,11.973,100,21500,8.335421364737325,16082.804665425227,1.3368315071450594,192559.42025913624
2018-02-01,10.02,100,21600,9.960079840319363,16092.764745265546,1.3422180925347007,161249.50274756076
2018-02-02,10.222,100,21700,9.7632557229505,16102.528000988495,1.3476144862886057,164600.0412261044
2018-02-03,10.642,100,21800,9.37793647810562,16111.905937466601,1.353036697496248,171462.90298651956
2018-02-04,8.89,100,21900,11.22609673790776,16123.13203420451,1.3582968838523508,143334.6437840781
2018-02-05,7.0473,100,22000,14.161451903565906,16137.293486108076,1.3633017221220451,113724.34838464943
2018-02-06,8.2806,100,22100,12.052266743955752,16149.345752852032,1.3684764905164695,133726.27244106654
2018-02-07,7.665,100,22200,13.020221787345074,16162.365974639377,1.373561274063115,123884.53519561082
2018-02-08,8.304,100,22300,12.01830443159923,16174.384279070977,1.3787232710215331,134312.08705340538
2018-02-09,9.473,100,22400,10.535205320384248,16184.919484391361,1.3840044135902205,153319.74227563938
2018-02-10,8.8971,100,22500,11.21713816861674,16196.136622559978,1.3892201902433463,144098.64714457837
2018-02-11,8.3262,100,22600,11.986260238764382,16208.122882798742,1.394362577543436,134952.07274675887
2018-02-12,9.1299,100,22700,10.931116441582056,16219.053999240323,1.399588410092428,148078.34110766422
2018-02-13,8.9264,100,22800,11.180319053593834,16230.234318293917,1.4047856335814555,144877.5636188188
2018-02-14,9.8503,100,22900,10.131671116615736,16240.365989410533,1.410066744489124,159972.47710549057
2018-02-15,9.831,100,23000,10.15156138744787,16250.51755079798,1.4153395378395557,159758.83804189492
2018-02-16,9.84,100,23100,10.142276422764228,16260.659827220745,1.4206065587406258,160004.89269985212
2018-02-17,10.013,100,23200,9.967042844302407,16270.626870065047,1.4258823698233607,162917.78684996133
2018-02-18,9.05,100,23300,11.027624309392264,16281.65449437444,1.4310584964231066,147348.9731740887
2018-02-19,9.4831,100,23400,10.523984772911811,16292.178479147351,1.4362720142030163,154500.35773560224
2018-02-20,8.86,100,23500,11.26410835214447,16303.442587499496,1.4414133624771,144448.5013252455
2018-02-21,8.293,100,23600,12.034245749427228,16315.476833248924,1.446479330098776,135304.2493781333
2018-02-22,7.7559,100,23700,12.867623357701879,16328.344456606626,1.4514637453284935,126641.00677099533
2018-02-23,8.237,100,23800,12.116061672939177,16340.460518279566,1.4565072981496254,134596.37328906878
2018-02-24,7.8827,100,23900,12.660636583911604,16353.121154863478,1.4614947063418564,128906.74812744233
2018-02-25,7.6788,100,24000,12.996822420169819,16366.117977283648,1.4664442742813089,125672.14672396568
2018-02-26,7.985,100,24100,12.498434564809017,16378.616411848456,1.471430760327583,130783.25204860992
2018-02-27,8.38,100,24200,11.909307875894987,16390.52571972435,1.4764627086291522,137352.6055312901
2018-02-28,8.1755,100,24300,12.207204452327074,16402.73292417668,1.4814604439595067,134100.54302160643
2018-03-01,8.5451,100,24400,11.679207967139064,16414.412132143818,1.4864985601414418,140262.79311038213
2018-03-02,8.0061,100,24500,12.465495060016737,16426.877627203834,1.4914581185791889,131515.22497115663
2018-03-03,7.903,100,24600,12.628115905352399,16439.50574310919,1.496395353024003,129921.4138877919
2018-03-04,8.1373,100,24700,12.264510341267988,16451.770253450457,1.5013581893911767,133872.9900834024
2018-03-05,7.9293,100,24800,12.586230814826024,16464.35648426528,1.5062841978489083,130550.82187068468
2018-03-06,7.12,100,24900,14.016853932584269,16478.373338197867,1.5110714807195376,117326.01816796881
2018-03-07,6.41,100,25000,15.569422776911077,16493.94276097478,1.5157079397141378,105726.17309784834
2018-03-08,6.089,100,25100,16.390211857447856,16510.332972832228,1.5202600723620825,100531.41747157545
2018-03-09,5.9975,100,25200,16.640266777824095,16526.97323961005,1.5247801055067591,99120.52200456128
2018-03-10,5.6337,100,25300,17.714823295525143,16544.688062905578,1.5291917202551848,93207.80913999115
2018-03-11,6.0394,100,25400,16.524820346392026,16561.21288325197,1.5337040939608066,100019.78908711195
2018-03-12,5.7148,100,25500,17.46342829145377,16578.676311543422,1.5381203855367407,94743.81938520835
2018-03-13,5.7808,100,25600,17.264046498754496,16595.94035804218,1.5425459147058558,95937.81202177022
2018-03-14,5.26,100,25700,18.973384030418252,16614.913742072597,1.5468030950363574,87394.44628330185
2018-03-15,5.1104,100,25800,19.52880400751409,16634.44254608011,1.550998774291943,85008.6551874878
2018-03-16,5.028,100,25900,19.848846459824983,16654.291392539937,1.555154727964082,83737.7771216908
2018-03-17,4.6022,100,26000,21.685280952587892,16675.976673492525,1.559129069863031,76746.1798467473
2018-03-18,4.6108,100,26100,21.644833868309185,16697.621507360833,1.563096875114477,76989.39324613933
2018-03-19,6.179,100,26200,16.151480822139504,16713.772988182973,1.5675694541575986,103274.4032939826
2018-03-20,5.9239,100,26300,16.847009571397223,16730.61999775437,1.5719680444317101,99110.5198046971
2018-03-21,6.895,100,26400,14.474256707759247,16745.09425446213,1.5765811525942945,115457.42488451637
2018-03-22,6.8883,100,26500,14.488335293178288,16759.582589755308,1.5811849643677136,115445.03275301149
2018-03-23,6.9345,100,26600,14.391809070589085,16773.974398825896,1.585789948615987,116319.12546865818
2018-03-24,6.5,100,26700,15.353846153846154,16789.32824497974,1.5902959076390504,109130.63359236831
2018-03-25,6.4266,100,26800,15.529206734509696,16804.85745171425,1.5947769909387808,107998.0968991868
2018-03-26,5.78,100,26900,17.26643598615917,16822.12388770041,1.5990846446962672,97231.87607090837
2018-03-27,5.8018,100,27000,17.201558137129854,16839.32544583754,1.6033896421114684,97698.39837166025
2018-03-28,6.1946,100,27100,16.110806186033,16855.436252023574,1.6077898901457695,104412.68540678524
2018-03-29,5.8775,100,27200,16.98000850701829,16872.416260530594,1.6120986810661244,99167.62657126857
2018-03-30,6.0069,100,27300,16.614226972315173,16889.03048750291,1.616433816032289,101450.71723538123
2018-03-31,5.9218,100,27400,16.852983890033435,16905.883471392943,1.620737540653497,100113.26074089474
2018-04-01,5.5931,100,27500,17.84341420679051,16923.72688559973,1.624937591222861,94656.09684384786
2018-04-02,5.81,100,27600,17.17728055077453,16940.904166150507,1.6291928535400932,98426.65320533444
2018-04-03,6.0099,100,27700,16.6059335429874,16957.510099693496,1.6334945305738413,101912.93994814795
2018-04-04,5.6496,100,27800,17.66496743132257,16975.17506712482,1.6376856138490854,95902.94905922838
2018-04-05,6.3249,100,27900,15.77890559534538,16990.953972720166,1.6420502371317618,107466.08478205779
2018-04-06,5.8348,100,28000,17.104270926167132,17008.058243646334,1.6462784639428139,99238.61824002763
2018-04-07,5.8828,100,28100,16.964710681988173,17025.02295432832,1.6505117247349177,100154.80503572263
2018-04-08,5.9589,100,28200,16.748057527395996,17041.771011855715,1.6547575941715016,101550.20928254702
2018-04-09,5.8441,100,28300,17.077052069608666,17058.848063925325,1.6589631312706605,99693.613970386
2018-04-10,5.9895,100,28400,16.66249269555055,17075.510556620877,1.663200634957773,102273.77047888073
2018-04-11,8.5129,100,28500,11.723384510566317,17087.233941131442,1.6679118515136835,145461.91381745785
2018-04-12,8.8222,100,28600,11.312371063906962,17098.54631219535,1.6726568140825728,150846.79527544984
2018-04-13,8.813,100,28700,11.324180188358106,17109.87049238371,1.6773943445554145,150789.28864937765
2018-04-14,8.7043,100,28800,11.465597463322727,17121.336089847035,1.6821117142299673,149029.24572685553
2018-04-15,8.5297,100,28900,11.700294265917911,17133.03638411295,1.6867996630648767,146139.66044556824
2018-04-16,8.12,100,29000,12.29064039408867,17145.327024507038,1.6914229724838863,139220.05543899714
2018-04-17,8.491,100,29100,11.75362148156872,17157.080645988608,1.6960927444730345,145680.77176508927
2018-04-18,9.03,100,29200,11.052048726467332,17168.132694715074,1.700825623801751,155028.2382332771
2018-04-19,9.47,100,29300,10.538542766631467,17178.671237481703,1.7056033959175538,162682.01661895175
2018-04-20,11.463,100,29400,8.706272354531974,17187.377509836235,1.7105576451773723,197018.90839525274
2018-04-21,11.131,100,29500,8.965950947803433,17196.34346078404,1.7154809722935713,191412.49906198715
2018-04-22,11.292,100,29600,8.83811547998583,17205.181576264025,1.7204119508297229,194280.91035917337
2018-04-23,11.617,100,29700,8.590858225015063,17213.77243448904,1.7253626486018774,199972.3943714592
2018-04-24,15.107,100,29800,6.606209042165884,17220.378643531207,1.7305078254591282,260148.26016782594
2018-04-25,14.46,100,29900,6.901798063623789,17227.28044159483,1.7356192755652373,249106.47518546126
2018-04-26,15.437,100,30000,6.4649867202176585,17233.745428315047,1.7407707526368583,266037.32817689935
2018-04-27,16.615,100,30100,6.006620523623233,17239.75204883867,1.7459647861946856,286438.48029145447
2018-04-28,18.769,100,30200,5.317278491128989,17245.0693273298,1.7512252010572882,323672.70620465296
2018-04-29,21.412,100,30300,4.6609377918923975,17249.730265121692,1.7565492059470322,369351.2244367857
2018-04-30,17.467,100,30400,5.713631419247725,17255.44389654094,1.7617628490040784,301400.83854088053
2018-05-01,18.733,100,30500,5.327496930550365,17260.77139347149,1.7670125688320026,323346.0305139014
2018-05-02,19.232,100,30600,5.189267886855241,17265.960661358342,1.7722732375085029,332058.95543924364
2018-05-03,17.666,100,30700,5.649269783765424,17271.609931142106,1.7774834032492492,305120.26104355644
2018-05-04,17.053,100,30800,5.852342696299771,17277.462273838406,1.7826692086972442,294632.56415576633
2018-05-05,17.772,100,30900,5.615575061895116,17283.077848900302,1.7878759946664315,307154.85953065613
2018-05-06,17.387,100,31000,5.739920630356013,17288.81776953066,1.7930665019000638,300600.6745588296
2018-05-07,17.797,100,31100,5.60768668876777,17294.425456219426,1.7982673132871154,307788.8898443371
2018-05-08,17.959,100,31200,5.557102288546133,17299.98255850797,1.8034700263126062,310690.3867682446
2018-05-09,17.788,100,31300,5.6105239487294805,17305.5930824567,1.808663814690635,307831.8897507398
2018-05-10,17.31,100,31400,5.765453495089544,17311.35853595179,1.8138380032271457,299659.61625732546
2018-05-11,14.82,100,31500,6.734143049932523,17318.092679001722,1.8189069999719956,256654.13350280552
2018-05-12,13.952,100,31600,7.153096330275229,17325.245775331998,1.823927949408525,241721.82905743204
2018-05-13,14.579,100,31700,6.845462651759379,17332.091237983757,1.8289772171593797,252684.5581585652
2018-05-14,13.806,100,31800,7.228741127046212,17339.3199791108,1.8339819576725276,239386.65163160372
2018-05-15,12.802,100,31900,7.795656928604906,17347.115636039405,1.8389224277565965,222077.77437257644
2018-05-16,12.67,100,32000,7.876874506708761,17354.992510546115,1.843849830563427,219887.75510861928
2018-05-17,12.23,100,32100,8.160261651676207,17363.15277219779,1.8487425884657958,212351.358403979
2018-05-18,12.91,100,32200,7.730441518202944,17370.883213715995,1.8536766152785473,224258.1022890735
2018-05-19,13.12,100,32300,7.6067073170731705,17378.48992103307,1.8586194857418266,228005.78776395385
2018-05-20,13.947,100,32400,7.155660715566071,17385.645581748635,1.8636063784719827,242477.5989286482
2018-05-21,13.428,100,32500,7.432231158772713,17393.077812907406,1.8685594550656093,233554.24887172066
2018-05-22,12.108,100,32600,8.242484307895605,17401.3202972153,1.8734210647922453,210695.1861586829
2018-05-23,10.667,100,32700,9.355957626324177,17410.676254841626,1.8781579486843114,185719.68361039562
2018-05-24,12.753,100,32800,7.825609660472046,17418.501864502097,1.8830551705967613,222138.15427799526
2018-05-25,12.173,100,32900,8.198472028259262,17426.700336530357,1.887907599526117,212135.22319658403
2018-05-26,12.21,100,33000,8.173628173628172,17434.873964703984,1.8927581619922704,212879.81110903565
2018-05-27,12.439,100,33100,8.023152986574484,17442.897117690558,1.897620548734994,216972.19724695286
2018-05-28,11.502,100,33200,8.676751869240132,17451.573869559797,1.902407212561479,200728.0026476768
2018-05-29,12.14,100,33300,8.220757825370676,17459.794627385167,1.9072389286738771,211961.90677645593
2018-05-30,11.872,100,33400,8.40633423180593,17468.200961616974,1.912045783844032,207382.48181631672
2018-05-31,12.209,100,33500,8.174297649275125,17476.37525926625,1.9168734650646604,213369.06554038162
2018-06-01,12.206,100,33600,8.176306734392922,17484.551566000642,1.921696411438795,213416.43641460384
2018-06-02,14.619,100,33700,6.826732334633013,17491.378298335276,1.9266634924480115,255706.45934336339
2018-06-03,14.533,100,33800,6.867129980045414,17498.24542831532,1.9316222382677006,254302.00080970654
2018-06-04,13.433,100,33900,7.429464750986377,17505.674893066305,1.9365148848632625,235153.73083855968
2018-06-05,14.184,100,34000,7.036097010716301,17512.710990077023,1.941446987805882,248400.29268325248
2018-06-06,13.928,100,34100,7.1654221711659964,17519.876412248188,1.9463607617780116,244016.83866979278
2018-06-07,14.68,100,34200,6.798365122615803,17526.674777370805,1.951311383044353,257291.5857318034
2018-06-08,14.019,100,34300,7.118910050645552,17533.79368742145,1.9562224018072278,245806.25370396132
2018-06-09,14.128,100,34400,7.063986409966025,17540.857673831415,1.961135574990734,247817.23721589023
2018-06-10,10.969,100,34500,9.098368128361747,17549.956041959776,1.9658168896557213,192505.46782425678
2018-06-11,11.273,100,34600,8.853011620686598,17558.809053580462,1.9705208875168345,197940.45446101256
2018-06-12,9.9774,100,34700,10.00260588930984,17568.81165946977,1.9750908981539648,175291.06145119367
2018-06-13,9.9919,100,34800,9.988090353186083,17578.799749822956,1.9796573426664403,175645.60922025598
2018-06-14,11.25,100,34900,8.871111111111112,17587.670860934068,1.9843446170874321,197861.29718550827
2018-06-15,10.53,100,35000,9.477682811016145,17597.148543745083,1.9889586038893086,185297.9741656357
2018-06-16,10.535,100,35100,9.473184622686285,17606.62172836777,1.9935681325763317,185485.75990835443
2018-06-17,10.319,100,35200,9.671479794553735,17616.293208162322,1.9981502115150112,181782.52961502702
2018-06-18,10.716,100,35300,9.313176558417322,17625.60638472074,2.002767974587292,188875.99801866745
2018-06-19,10.687,100,35400,9.33844858238982,17634.94483330313,2.0073779835788335,188464.65543351052
2018-06-20,10.427,100,35500,9.571305265176946,17644.516138568306,2.0119565603956824,183979.36977685173
2018-06-21,10.394,100,35600,9.601693284587261,17654.117831852895,2.016526701536329,183496.900744279
2018-06-22,8.5279,100,35700,11.70276386918233,17665.820595722078,2.020851497192553,150652.35145825832
2018-06-23,8.356,100,35800,11.943513642891334,17677.76410936497,2.025142986325663,147715.39689785367
2018-06-24,8.047,100,35900,12.402137442525163,17690.166246807494,2.0293760668574157,142352.76778805992
2018-06-25,8.173,100,36000,12.210938455891348,17702.377185263384,2.0336251805756773,144681.52873515763
2018-06-26,7.3547,100,36100,13.569554162644295,17715.94673942603,2.037712154533695,130295.47348445661
2018-06-27,7.9873,100,36200,12.494835551437907,17728.441574977467,2.041916648279673,141602.38139181753
2018-06-28,7.37,100,36300,13.541383989145183,17741.98295896661,2.0459945251866203,130758.41440758393
2018-06-29,7.751,100,36400,12.875757966713971,17754.858716933326,2.0501430386085957,137617.90991495023
2018-06-30,8.115,100,36500,12.298213185459025,17767.156930118785,2.0543523166683695,144180.47848791393
2018-07-01,8.1223,100,36600,12.287160040875122,17779.44409015966,2.058557051300434,144409.9787335038
2018-07-02,8.9781,100,36700,11.115937670553905,17790.560027830215,2.062891777582565,159725.42698586246
2018-07-03,8.812,100,36800,11.325465274625511,17801.88549310484,2.0671967592564084,156870.21496523984
2018-07-04,8.9068,100,36900,11.20492208200476,17813.090415186845,2.0715102848487366,158657.6337099862
2018-07-05,8.8377,100,37000,11.292530862102131,17824.382946048947,2.075808184327729,157526.54916229678
2018-07-06,8.6259,100,37100,11.56980720852317,17835.95275325747,2.0800683043536456,153851.1448543236
2018-07-07,8.8404,100,37200,11.289081941993574,17847.241835199464,2.0843556860775987,157776.75671989736
2018-07-08,8.6943,100,37300,11.47878495105989,17858.720620150525,2.0886154609481546,155269.0746877747
2018-07-09,7.6825,100,37400,12.990562967783925,17871.71118311831,2.092692726330996,137299.42116430643
2018-07-10,7.1319,100,37500,13.993465976808425,17885.704649095118,2.096646497061396,127559.05698688146
2018-07-11,7.154,100,37600,13.950237629298295,17899.654886724416,2.100599158919353,128054.13105962647
2018-07-12,6.9119,100,37700,14.438866303042579,17914.09375302746,2.104488260458542,123820.42461155051
2018-07-13,6.895,100,37800,14.474256707759247,17928.56800973522,2.108366935913375,123617.47642712433
2018-07-14,6.9366,100,37900,14.387452065853587,17942.955461801073,2.1122495723007098,124463.10485632933
2018-07-15,7.402,100,38000,13.482842475006755,17956.438304276082,2.116232593350699,132913.55632825155
2018-07-16,8.0951,100,38100,12.32844560289558,17968.766749878978,2.1203458495701497,145458.96371694532
2018-07-17,8.7826,100,38200,11.363377587502562,17980.13012746648,2.1245674936270684,157912.29085748713
2018-07-18,8.6049,100,38300,11.59804297551395,17991.728170441995,2.1287560392848635,154817.02173383633
2018-07-19,8.4164,100,38400,11.857801435293,18003.585971877288,2.1329084139117156,151525.380973708
2018-07-20,7.847,100,38500,12.718236268637696,18016.304208145924,2.1369532594033656,141373.93912132108
2018-07-21,8.0,100,38600,12.475,18028.779208145923,2.141021283490976,144230.23366516738
2018-07-22,7.85,100,38700,12.713375796178344,18041.4925839421,2.1450553395147076,141625.71678394548
2018-07-23,7.9252,100,38800,12.592742138999645,18054.0853260811,2.1490980738829872,143082.23702625796
2018-07-24,8.5852,100,38900,11.624656385407445,18065.70998246651,2.1532505524418357,155097.7333414715
2018-07-25,8.5292,100,39000,11.700980162266099,18077.410962628775,2.1573885818397476,154185.85358245333
2018-07-26,8.3052,100,39100,12.016567933342966,18089.42753056212,2.1614835479973307,150236.3135268245
2018-07-27,8.4293,100,39200,11.839654538336518,18101.267185100456,2.1655942426100623,152581.01148336727
2018-07-28,8.37,100,39300,11.923536439665474,18113.190721540122,2.1696895154570766,151607.4063392908
2018-07-29,8.3335,100,39400,11.975760484790303,18125.166482024913,2.173773136874288,151046.07487795464
2018-07-30,7.737,100,39500,12.899056481840505,18138.065538506755,2.1777405046939697,140334.21307142676
2018-07-31,7.3279,100,39600,13.619181484463489,18151.68471999122,2.1816156798044672,133013.73045962365
2018-08-01,7.2257,100,39700,13.81181062042432,18165.496530611643,2.18546186904935,131258.42828124054
2018-08-02,7.02,100,39800,14.216524216524219,18179.713054828168,2.18925347611193,127621.58564489373
2018-08-03,7.1817,100,39900,13.896431207095812,18193.609486035264,2.1930777414248532,130661.04524585947
2018-08-04,6.9766,100,40000,14.304962302554252,18207.91444833782,2.1968468774111334,127029.33594027364
2018-08-05,7.0326,100,40100,14.191053095583426,18222.1055014334,2.200623851993702,128148.77914938054
2018-08-06,7.059,100,40200,14.137979883836238,18236.243481317237,2.2044013637558804,128729.64273461838
2018-08-07,6.569,100,40300,15.19257116760542,18251.43605248484,2.208045431828547,119893.68342877293
2018-08-08,5.59,100,40400,17.85330948121646,18269.289361966057,2.21136132881593,102125.32753339026
2018-08-09,5.7601,100,40500,17.326088088748456,18286.615450054807,2.2147346025083396,105332.7336538607
2018-08-10,5.245,100,40600,19.027645376549096,18305.643095431355,2.2178953117540448,96013.09803553746
2018-08-11,4.96,100,40700,20.120967741935484,18325.76406317329,2.220916948384655,90895.78975333952
2018-08-12,4.9579,100,40800,20.129490308396697,18345.89355348169,2.223930923890974,90957.10564880687
2018-08-13,4.5793,100,40900,21.793723931605268,18367.687277413293,2.226736517356469,84111.1503494587
2018-08-14,4.574,100,41000,21.818976825535636,18389.50625423883,2.2295323992480434,84113.6016068884
2018-08-15,4.6258,100,41100,21.574646547624194,18411.080900786455,2.2323512791823297,85165.97803085798
2018-08-16,4.5098,100,41200,22.129584460508227,18433.210485246964,2.235096270016254,83130.09264636676
2018-08-17,5.5819,100,41300,17.879216754151813,18451.089702001114,2.2383501824025496,102992.13760760002
2018-08-18,5.0761,100,41400,19.660763184334428,18470.750465185447,2.2413815875014227,93759.37643632785
2018-08-19,5.2922,100,41500,18.857941876724233,18489.608407062173,2.2445039984810564,97850.70561185444
2018-08-20,4.7031,100,41600,21.22004635240586,18510.82845341458,2.247333235500127,87058.2772992541
2018-08-21,4.9047,100,41700,20.34782963280119,18531.176283047378,2.2502619025942696,90889.86031546247
2018-08-22,4.7122,100,41800,21.179067102415004,18552.35535014979,2.2530831913837024,87422.40888097585
2018-08-23,4.8974,100,41900,20.378159839915057,18572.733509989706,2.2559953265610186,90958.10509182359
2018-08-24,5.05,100,42000,19.762376237623762,18592.49588622733,2.258975893124286,93892.10422544801
2018-08-25,5.035,100,42100,19.821251241310822,18612.317137468643,2.261942975130596,93713.01678715461
2018-08-26,4.9493,100,42200,20.164467702503384,18632.481605171146,2.264862023976885,92217.74120847356
2018-08-27,5.384,100,42300,18.53640416047548,18651.018009331623,2.267972717566201,100417.08096224147
2018-08-28,5.9144,100,42400,16.87407006627891,18667.8920793979,2.2712794684940953,110409.38091439095
2018-08-29,6.125,100,42500,16.293877551020408,18684.18595694892,2.2746508784448074,114440.63898631214
2018-08-30,6.071,100,42600,16.43880744523143,18700.624764394153,2.2779987586890718,113531.4929446369
2018-08-31,6.4053,100,42700,15.580847110986214,18716.20561150514,2.281445336000779,119882.91180337386
2018-09-01,6.6622,100,42800,14.98003662453844,18731.185648129678,2.284959468343832,124790.90502496954
2018-09-02,6.6419,100,42900,15.025820924735392,18746.211469054415,2.2884623952321146,124510.46195631252
2018-09-03,6.4704,100,43000,15.42408506429278,18761.635554118708,2.2919110583917237,121395.28668936968
2018-09-04,6.485,100,43100,15.3893600616808,18777.024914180387,2.2953583007418246,121769.00656845981
2018-09-05,5.1585,100,43200,19.346709314723274,18796.37162349511,2.298315912524352,96961.08301979952
2018-09-06,5.2297,100,43300,19.083312618314626,18815.454936113423,2.301299657490194,98399.18467939238
2018-09-07,5.0611,100,43400,19.71903341170892,18835.17396952513,2.3041995826648685,95326.69897716363
2018-09-08,4.744,100,43500,21.03709949409781,18856.211069019228,2.3069321742728337,89453.86531142722
2018-09-09,4.9418,100,43600,20.195070622040554,18876.40613964127,2.3097617034440745,93283.42386087922
2018-09-10,5.0266,100,43700,19.854374726455255,18896.260514367725,2.3126268801582626,94983.94310152081
2018-09-11,4.9907,100,43800,19.997194782295068,18916.25770915002,2.315468560084874,94405.36734905501
2018-09-12,4.9413,100,43900,20.197114119766052,18936.454823269785,2.3182797630131975,93570.70421822299
2018-09-13,5.3898,100,44000,18.51645701139189,18954.971280281177,2.3212907764082513,102163.50420645949
2018-09-14,5.2258,100,44100,19.09755444142524,18974.068834722602,2.3242247292418834,99154.68891649337
2018-09-15,5.3372,100,44200,18.698943266132055,18992.767777988734,2.327201623094905,101368.20018468148
2018-09-16,5.4058,100,44300,18.461652299382145,19011.229430288116,2.33020174536543,102770.9040542515
2018-09-17,4.8431,100,44400,20.606636245380027,19031.836066533495,2.3329330835333915,92173.08525382837
2018-09-18,5.0572,100,44500,19.734240291070158,19051.570306824564,2.3357654662229823,96347.60135567318
2018-09-19,5.2459,100,44600,19.02438094511905,19070.594687769684,2.3386790359821754,100042.43267257098
2018-09-20,5.77,100,44700,17.296360485268632,19087.891048254955,2.3417987815938703,110137.13134843108
2018-09-21,6.1931,100,44800,16.114708304403287,19104.005756559356,2.345057919835369,118313.01805094775
2018-09-22,5.93782182,100,44900,16.80751006435555,19120.81326662371,2.3482264783357873,113535.98223070374
2018-09-23,6.0256,100,45000,16.562665958576737,19137.375932582287,2.3514195550386496,115314.17241936782
2018-09-24,5.6701,100,45100,17.601100509691186,19154.97703309198,2.3544794609821573,108610.63527533482
2018-09-25,5.4202,100,45200,18.412604700933542,19173.389637792912,2.357433967278572,103923.60651476515
2018-09-26,5.55,100,45300,17.98198198198198,19191.371619774894,2.360435767567683,106512.11248975067
2018-09-27,5.825,100,45400,17.13304721030043,19208.504666985194,2.363536401562361,111889.53968518876
2018-09-28,5.75670413,100,45500,17.33630871871819,19225.84097570391,2.366606488501558,110677.47814755794
2018-09-29,5.7464,100,45600,17.367395238758178,19243.20837094267,2.3696672156217047,110579.17258278496
2018-09-30,5.7233,100,45700,17.43749235580871,19260.64586329848,2.3727137877075144,110234.45446941619
2018-10-01,5.736,100,45800,17.398884239888424,19278.044747538366,2.375759606318387,110578.86467188006
2018-10-02,5.62,100,45900,17.758007117437725,19295.802754655804,2.378755659125142,108442.41148116562
2018-10-03,5.6166,100,46000,17.768756899191683,19313.571511554997,2.3817448767815392,108476.6057517998
2018-10-04,5.8022,100,46100,17.20037227258626,19330.771883827583,2.384798717663621,112161.00462434441
2018-10-05,5.83,100,46200,17.118353344768437,19347.890237172352,2.3878572512902583,112798.20008271481
2018-10-06,5.7253,100,46300,17.431400974621415,19365.321638146976,2.390871727572832,110872.27597488288
2018-10-07,5.7625,100,46400,17.31887201735358,19382.64051016433,2.3938946799156526,111692.46593982195
2018-10-08,5.9403,100,46500,16.800498291332087,19399.441008455662,2.3969762829625854,115238.49942252916
2018-10-09,5.924,100,46600,16.846725185685347,19416.287733641348,2.400046838987619,115022.08853409135
2018-10-10,5.9216,100,46700,16.853553093758443,19433.141286735106,2.4031112268955206,115075.28944353061
2018-10-11,5.0892,100,46800,19.61015483769551,19452.7514415728,2.405829331679165,98998.9426364523
2018-10-12,5.2008,100,46900,19.189355483771728,19471.940797056574,2.4085940117016746,101269.66969733183
2018-10-13,5.2994,100,47000,18.83232064007246,19490.773117696644,2.411397419496221,103289.4030599216
2018-10-14,5.2039,100,47100,19.17792424912085,19509.951041945766,2.414152649524159,101527.83422718156
2018-10-15,5.5996,100,47200,17.822701621544397,19527.77374356731,2.417070200618658,109347.72185447952
2018-10-16,5.5728,100,47300,17.90841228825725,19545.682155855568,2.4199718189845676,108924.1775181519
2018-10-17,5.5694,100,47400,17.91934499227924,19563.601500847846,2.4228667711283007,108957.52219882199
2018-10-18,5.4561,100,47500,18.291453602389986,19581.892954450235,2.425710328949838,106840.76614877593
2018-10-19,5.4027,100,47600,18.47224535880208,19600.36519980904,2.4285261787093515,105894.8930650083
2018-10-20,5.4555,100,47700,18.293465310237377,19618.658665119277,2.431358882083389,107029.59234755821
2018-10-21,5.512,100,47800,18.105950653120466,19636.764615772398,2.434209552097329,108237.84656213745
2018-10-22,5.4615,100,47900,18.273368122310718,19655.03798389471,2.437034211750145,107345.98994904094
2018-10-23,5.4876,100,48000,18.186456738829364,19673.224440633538,2.4398644027493366,107958.78644042059
2018-10-24,5.4371,100,48100,18.355373268838168,19691.579813902375,2.44266841231505,107065.0886061686
2018-10-25,5.4356,100,48200,18.360438590036058,19709.94025249241,2.4454665708032723,107135.35123644775
2018-10-26,5.4464,100,48300,18.324030552291422,19728.264283044704,2.4482640391993855,107448.01859117467
2018-10-27,5.4185,100,48400,18.41838147088678,19746.682664515592,2.4510446044172203,106997.40001767773
2018-10-28,5.438,100,48500,18.35233541743288,19765.034999933025,2.453828187006213,107482.26032963578
2018-10-29,5.1502,100,48600,19.377888237350007,19784.412888170376,2.456479263484196,101893.68325665507
2018-10-30,5.1411,100,48700,19.41218805314038,19803.82507622352,2.4591208926839716,101813.44509937272
2018-10-31,5.2492,100,48800,19.012420940333765,19822.83749716385,2.4618069944316523,104054.0385901125
2018-11-01,5.2872,100,48900,18.87577545770918,19841.71327262156,2.46450492092708,104907.10641500472
2018-11-02,5.4027,100,49000,18.47224535880208,19860.185517980364,2.4672478490011076,107298.62429799252
2018-11-03,5.3185,100,49100,18.764689292093635,19878.950207272457,2.4699493427996715,105726.19667737857
2018-11-04,5.5459,100,49200,17.99527578932184,19896.94548306178,2.472741358309688,110346.46995451231
2018-11-05,5.509,100,49300,18.115810491922307,19915.061293553703,2.4755133450660227,109712.07266618735
2018-11-06,5.7781,100,49400,17.272113670583757,19932.333407224287,2.47838519408347,115171.01566028266
2018-11-07,5.6725,100,49500,17.5936535918907,19949.92706081618,2.481212079076889,113165.96125247978
2018-11-08,5.5295,100,49600,18.04864815986979,19967.97570897605,2.4839773807268655,110412.92168278305
2018-11-09,5.412,100,49700,18.44050258684405,19986.416211562893,2.4866889328186152,108166.48453697837
2018-11-10,5.43,100,49800,18.37937384898711,20004.79558541188,2.4894030927422075,108626.0400287865
2018-11-11,5.491,100,49900,18.175195774904388,20022.970781186785,2.4921376825303625,109946.13255949663
2018-11-12,5.459,100,50000,18.281736581791538,20041.252517768575,2.4948540494497538,109405.19749449864
2018-11-13,5.2959,100,50100,18.844766706319984,20060.097284474894,2.4974953655271594,106236.26920885059
2018-11-14,4.7656,100,50200,20.941749202618766,20081.039033677513,2.4998706449308012,95698.19961889356
2018-11-15,4.769,100,50300,20.92681903963095,20101.965852717145,2.5022428337873754,95866.27515160806
2018-11-16,4.5959,100,50400,21.715006853935026,20123.68085957108,2.5045119902122237,92486.42486250272
2018-11-17,4.6253,100,50500,21.576978790564937,20145.257838361646,2.5067934302550987,93177.86107977413
2018-11-18,4.65,100,50600,21.462365591397848,20166.720203953042,2.509084248120896,93775.24894838165
2018-11-19,4.14002853,100,50700,24.106114070668006,20190.82631802371,2.511041361132492,83590.59700089303
2018-11-20,3.8231,100,50800,26.104470194344902,20216.93078821806,2.512745407903608,77291.34809643646
2018-11-21,3.8519,100,50900,25.909291518471406,20242.84007973653,2.5144693036898453,77973.39570313714
2018-11-22,3.5304,100,51000,28.26875141627011,20271.1088311528,2.515895919892788,71565.12261750185
2018-11-23,3.6636,100,51100,27.24096517087018,20298.34979632367,2.517446024565749,74365.0343138114
2018-11-24,3.3055,100,51200,30.19210406897595,20328.541900392647,2.5186262866699294,67195.9952517479
2018-11-25,3.4097,100,51300,29.269437193888027,20357.811337586536,2.5199172518749617,69414.02931776881
2018-11-26,3.2551,100,51400,30.659580350834077,20388.47091793737,2.521032607441851,66366.51168497794
2018-11-27,3.0483,100,51500,32.73955975461733,20421.210477691988,2.521887723367736,62249.975899148485
2018-11-28,3.3053,100,51600,30.193930959368288,20451.404408651357,2.5230541125171904,67598.02699191532
2018-11-29,3.0416,100,51700,32.81167806417675,20484.216086715533,2.5238944844722955,62304.79164935396
2018-11-30,2.8944,100,51800,34.48037589828635,20518.696462613818,2.524526842842206,59389.31504138943
2018-12-01,2.9771,100,51900,33.52255550703705,20552.219018120853,2.5252747625081198,61186.0112388476
2018-12-02,2.875,100,52000,34.713043478260865,20586.932061599113,2.5258741732089267,59187.42967709745
2018-12-03,2.5957,100,52100,38.448202796933394,20625.380264396044,2.526014033784196,53537.29955229281
2018-12-04,2.4678,100,52200,40.440878515276765,20665.82114291132,2.5259097927451752,50999.11341647656
2018-12-05,2.1959,100,52300,45.44833553440503,20711.269478445727,2.5251952833904627,45479.87664771897
2018-12-06,1.8493,100,52400,53.96636565186828,20765.235844097595,2.523448343828679,38401.15064648968
2018-12-07,1.7589,100,52500,56.740007959520156,20821.975852057116,2.5213745502837686,36623.77332618326
2018-12-08,1.8592,100,52600,53.679001721170394,20875.654853778287,2.5196814360283373,38812.01750414459
2018-12-09,2.0467,100,52700,48.761420823765086,20924.416274602052,2.5185887772633824,42826.00278922802
2018-12-10,1.9518,100,52800,51.13228814427708,20975.548562746328,2.5172166459462977,40940.07568476828
2018-12-11,1.8591,100,52900,53.68188908611694,21029.230451832445,2.515546164238758,39095.4423330017
2018-12-12,2.0066,100,53000,49.73587162364198,21078.966323456087,2.5143547926742063,42297.05382464699
2018-12-13,1.8721,100,53100,53.30911810266546,21132.27544155875,2.512744079398733,39561.73285414214
2018-12-14,1.8488,100,53200,53.98096062310688,21186.256402181858,2.5110618407564074,39169.150836353816
2018-12-15,1.9285,100,53300,51.750064817215446,21238.006466999075,2.5096517454602356,40957.49547160772
2018-12-16,1.9479,100,53400,51.23466297037836,21289.241129969454,2.508309228778819,41469.3127970675
2018-12-17,2.4504,100,53500,40.728044400914136,21329.96917437037,2.508208031743639,52266.956464877156
2018-12-18,2.708,100,53600,36.853766617429834,21366.8229409878,2.5085619957649183,57861.35652419497
2018-12-19,2.5228,100,53700,39.55921991438085,21406.38216090218,2.5085976507548624,54004.02091552402
2018-12-20,2.8001,100,53800,35.64158422913467,21442.023745131315,2.5090915223063295,60039.810688742196
2018-12-21,2.6722,100,53900,37.34750392934661,21479.371249060663,2.50938444030838,57397.17585173991
2018-12-22,2.7,100,54000,36.96296296296296,21516.334212023627,2.509721194506453,58094.10237246379
2018-12-23,2.8712,100,54100,34.75898578991363,21551.09319781354,2.510313490987487,61877.49878956224
2018-12-24,2.8348,100,54200,35.20530548892338,21586.298503302463,2.510851964347107,61192.83899716182
2018-12-25,2.5828,100,54300,38.640235403438126,21624.938738705903,2.5109897723229095,55852.89177432961
2018-12-26,2.6488,100,54400,37.677438840229534,21662.616177546133,2.511238695923857,57379.937731084196
2018-12-27,2.3627,100,54500,42.23981038642232,21704.855987932555,2.510958839362991,51282.063242688244
2018-12-28,2.7381,100,54600,36.448632263248236,21741.304620195802,2.511348833651928,59529.86618055813
2018-12-29,2.6946,100,54700,37.03703703703704,21778.34165723284,2.5116696606618576,58683.919429579604
2018-12-30,2.7549,100,54800,36.22636030345929,21814.568017536298,2.5120827492869613,60096.95343151075
2018-12-31,2.6287,100,54900,37.96553429451821,21852.533551830817,2.5122945067118065,57443.754947697664
2019-01-01,2.7374,100,55000,36.45795280192883,21888.991504632744,2.5126785758201517,59918.92534478167
2019-01-02,2.965,100,55100,33.65935919055649,21922.6508638233,2.5133821791107334,65000.65981123608
2019-01-03,2.7494,100,55200,36.29882883538227,21958.94969265868,2.5137814318348055,60373.936284995776
2019-01-04,2.7908,100,55300,35.760355453633366,21994.710048112313,2.5142409187952035,61382.83680227184
2019-01-05,2.7472,100,55400,36.327897495631916,22031.037945607943,2.5146341328436783,60523.667444174134
2019-01-06,2.94066969,100,55500,33.937847674418684,22064.975793282363,2.5152984766426467,64885.805525889155
2019-01-07,2.8306,100,55600,35.257542570479764,22100.23333585284,2.5158105416833334,62556.92048046505
2019-01-08,2.84,100,55700,35.14084507042254,22135.374180923263,2.5163342415057723,62864.46267382206
2019-01-09,2.9544,100,55800,33.78012455997834,22169.15430548324,2.5170107632927894,65496.54948011969
2019-01-10,2.4523,100,55900,40.696489010316846,22209.850794493555,2.5169011947554,54465.21710333655
2019-01-11,2.44,100,56000,40.9016393442623,22250.752433837817,2.5167688223809472,54291.83593856427
2019-01-12,2.4541,100,56100,40.66663950124282,22291.41907333906,2.516663466575648,54705.37154788139
2019-01-13,2.2818,100,56200,43.73740029801034,22335.15647363707,2.5162125041001944,50964.36004154507
2019-01-14,2.5095,100,56300,39.76887826260211,22374.925351899674,2.5162095119669314,56149.87517059223
2019-01-15,2.419,100,56400,41.25671765192228,22416.182069551596,2.5160395211372495,54224.744426245314
2019-01-16,2.4605,100,56500,40.560861613493195,22456.74293116509,2.5159481129202512,55254.8159821317
2019-01-17,2.5507,100,56600,39.126514290194855,22495.869445455282,2.5160174465465963,57380.214194522785
2019-01-18,2.483,100,56700,40.19331453886428,22536.062759994147,2.51596743423405,55957.04383306547
2019-01-19,2.5051,100,56800,39.83872899285457,22575.901488987,2.515957115941006,56554.89082006134
2019-01-20,2.3579,100,56900,42.32579837991434,22618.227287366917,2.515670183922003,53331.51812088245
2019-01-21,2.3544,100,57000,42.38871899422358,22660.616006361142,2.515377339433285,53352.15432537667
2019-01-22,2.35702516,100,57100,42.34150814071072,22702.957514501853,2.5150908186092726,53511.442068091936
